Plant Code,PO Number,PO Qunatity,Vendor Name,PO item No.,Material Number,Part Description,UOM,Schedule ID,Date of Planned Dispatch,Qty to be Dispatched,Reciept Done,ASN No,Vendor Acknowledgement,Transporter,Name of transporter,Acknowledgement,Van No (Editable),LR Number,Driver No.,Driver Name,Invoice No.,Invoice Date,Van No. (Editable),Driver Mobile No.,ASN No. (Auto Generated),Actual Dispatch Date,Actual Qty Dispatched
1826,4500288890,1000,85410046   R.C.F  LIMITED,1,40000001,A.N.MELT,EA,SCH_269,07-03-2020,50,Yes,ASN_269,Yes,Yes,Yes,Yes,Yes,Yes,Yes,Yes,Yes,Yes,Yes,Yes,Yes,07-03-2020,30
1826,4500288891,1000,1821 Solar Indus. India Ltd-1821,1,40000001,A.N.MELT,EA,SCH_270,07-03-2020,50,Yes,ASN_270,Yes,Yes,Yes,Yes,Yes,Yes,Yes,Yes,Yes,Yes,Yes,Yes,Yes,07-03-2020,30
1826,4500288890,1000.0,85410046   R.C.F  LIMITED,1,40000001,A.N.MELT,EA,SCH_403,8/3/2020,40.0,No,ASN_403
1826,4500288890,1000.0,85410046   R.C.F  LIMITED,1,40000001,A.N.MELT,EA,SCH_404,9/3/2020,10.0,No,ASN_404
1826,4500288891,1000.0,1821 Solar Indus. India Ltd-1821,1,40000001,A.N.MELT,EA,SCH_405,8/3/2020,40.0,No,ASN_405
1826,4500288890,1000.0,85410046   R.C.F  LIMITED,1,40000001,A.N.MELT,EA,SCH_406,10/3/2020,20.0,No,ASN_406
1826,4500288891,1000.0,1821 Solar Indus. India Ltd-1821,1,40000001,A.N.MELT,EA,SCH_407,9/3/2020,30.0,No,ASN_407
1826,4500288890,1000.0,85410046   R.C.F  LIMITED,1,40000001,A.N.MELT,EA,SCH_408,11/3/2020,30.0,No,ASN_408
1826,4500288891,1000.0,1821 Solar Indus. India Ltd-1821,1,40000001,A.N.MELT,EA,SCH_409,10/3/2020,20.0,No,ASN_409
1826,4500288890,1000.0,85410046   R.C.F  LIMITED,1,40000001,A.N.MELT,EA,SCH_410,12/3/2020,20.0,No,ASN_410
1826,4500288891,1000.0,1821 Solar Indus. India Ltd-1821,1,40000001,A.N.MELT,EA,SCH_411,11/3/2020,30.0,No,ASN_411
1826,4500288890,1000.0,85410046   R.C.F  LIMITED,1,40000001,A.N.MELT,EA,SCH_412,13/3/2020,30.0,No,ASN_412
1826,4500288891,1000.0,1821 Solar Indus. India Ltd-1821,1,40000001,A.N.MELT,EA,SCH_413,12/3/2020,20.0,No,ASN_413
1826,4500288890,1000.0,85410046   R.C.F  LIMITED,1,40000001,A.N.MELT,EA,SCH_414,14/3/2020,20.0,No,ASN_414
1826,4500288891,1000.0,1821 Solar Indus. India Ltd-1821,1,40000001,A.N.MELT,EA,SCH_415,13/3/2020,30.0,No,ASN_415
1826,4500288890,1000.0,85410046   R.C.F  LIMITED,1,40000001,A.N.MELT,EA,SCH_416,15/3/2020,30.0,No,ASN_416
1826,4500288891,1000.0,1821 Solar Indus. India Ltd-1821,1,40000001,A.N.MELT,EA,SCH_417,14/3/2020,20.0,No,ASN_417
1826,4500288890,1000.0,85410046   R.C.F  LIMITED,1,40000001,A.N.MELT,EA,SCH_418,16/3/2020,20.0,No,ASN_418
1826,4500288891,1000.0,1821 Solar Indus. India Ltd-1821,1,40000001,A.N.MELT,EA,SCH_419,15/3/2020,30.0,No,ASN_419
1826,4500288890,1000.0,85410046   R.C.F  LIMITED,1,40000001,A.N.MELT,EA,SCH_420,17/3/2020,30.0,No,ASN_420
1826,4500288891,1000.0,1821 Solar Indus. India Ltd-1821,1,40000001,A.N.MELT,EA,SCH_421,16/3/2020,20.0,No,ASN_421
1826,4500288890,1000.0,85410046   R.C.F  LIMITED,1,40000001,A.N.MELT,EA,SCH_422,18/3/2020,20.0,No,ASN_422
1826,4500288891,1000.0,1821 Solar Indus. India Ltd-1821,1,40000001,A.N.MELT,EA,SCH_423,17/3/2020,30.0,No,ASN_423
1826,4500288890,1000.0,85410046   R.C.F  LIMITED,1,40000001,A.N.MELT,EA,SCH_424,19/3/2020,30.0,No,ASN_424
1826,4500288891,1000.0,1821 Solar Indus. India Ltd-1821,1,40000001,A.N.MELT,EA,SCH_425,18/3/2020,20.0,No,ASN_425
1826,4500288890,1000.0,85410046   R.C.F  LIMITED,1,40000001,A.N.MELT,EA,SCH_426,20/3/2020,20.0,No,ASN_426
1826,4500288891,1000.0,1821 Solar Indus. India Ltd-1821,1,40000001,A.N.MELT,EA,SCH_427,19/3/2020,30.0,No,ASN_427
1826,4500288890,1000.0,85410046   R.C.F  LIMITED,1,40000001,A.N.MELT,EA,SCH_428,21/3/2020,30.0,No,ASN_428
1826,4500288891,1000.0,1821 Solar Indus. India Ltd-1821,1,40000001,A.N.MELT,EA,SCH_429,20/3/2020,20.0,No,ASN_429
1826,4500288890,1000.0,85410046   R.C.F  LIMITED,1,40000001,A.N.MELT,EA,SCH_430,22/3/2020,20.0,No,ASN_430
1826,4500288891,1000.0,1821 Solar Indus. India Ltd-1821,1,40000001,A.N.MELT,EA,SCH_431,21/3/2020,30.0,No,ASN_431
1826,4500288890,1000.0,85410046   R.C.F  LIMITED,1,40000001,A.N.MELT,EA,SCH_432,23/3/2020,30.0,No,ASN_432
1826,4500288891,1000.0,1821 Solar Indus. India Ltd-1821,1,40000001,A.N.MELT,EA,SCH_433,22/3/2020,20.0,No,ASN_433
1826,4500288890,1000.0,85410046   R.C.F  LIMITED,1,40000001,A.N.MELT,EA,SCH_434,24/3/2020,20.0,No,ASN_434
1826,4500288891,1000.0,1821 Solar Indus. India Ltd-1821,1,40000001,A.N.MELT,EA,SCH_435,23/3/2020,30.0,No,ASN_435
1826,4500288890,1000.0,85410046   R.C.F  LIMITED,1,40000001,A.N.MELT,EA,SCH_436,25/3/2020,30.0,No,ASN_436
1826,4500288891,1000.0,1821 Solar Indus. India Ltd-1821,1,40000001,A.N.MELT,EA,SCH_437,24/3/2020,20.0,No,ASN_437
1826,4500288890,1000.0,85410046   R.C.F  LIMITED,1,40000001,A.N.MELT,EA,SCH_438,26/3/2020,20.0,No,ASN_438
1826,4500288891,1000.0,1821 Solar Indus. India Ltd-1821,1,40000001,A.N.MELT,EA,SCH_439,25/3/2020,30.0,No,ASN_439
1826,4500288890,1000.0,85410046   R.C.F  LIMITED,1,40000001,A.N.MELT,EA,SCH_440,27/3/2020,30.0,No,ASN_440
1826,4500288891,1000.0,1821 Solar Indus. India Ltd-1821,1,40000001,A.N.MELT,EA,SCH_441,26/3/2020,20.0,No,ASN_441
1826,4500288890,1000.0,85410046   R.C.F  LIMITED,1,40000001,A.N.MELT,EA,SCH_442,28/3/2020,20.0,No,ASN_442
1826,4500288891,1000.0,1821 Solar Indus. India Ltd-1821,1,40000001,A.N.MELT,EA,SCH_443,27/3/2020,30.0,No,ASN_443
1826,4500288890,1000.0,85410046   R.C.F  LIMITED,1,40000001,A.N.MELT,EA,SCH_444,29/3/2020,30.0,No,ASN_444
1826,4500288891,1000.0,1821 Solar Indus. India Ltd-1821,1,40000001,A.N.MELT,EA,SCH_445,28/3/2020,20.0,No,ASN_445
1826,4500288890,1000.0,85410046   R.C.F  LIMITED,1,40000001,A.N.MELT,EA,SCH_446,30/3/2020,20.0,No,ASN_446
1826,4500288891,1000.0,1821 Solar Indus. India Ltd-1821,1,40000001,A.N.MELT,EA,SCH_447,29/3/2020,30.0,No,ASN_447
1826,4500288890,1000.0,85410046   R.C.F  LIMITED,1,40000001,A.N.MELT,EA,SCH_448,31/3/2020,30.0,No,ASN_448
1826,4500288891,1000.0,1821 Solar Indus. India Ltd-1821,1,40000001,A.N.MELT,EA,SCH_449,30/3/2020,20.0,No,ASN_449
1826,4500288890,1000.0,85410046   R.C.F  LIMITED,1,40000001,A.N.MELT,EA,SCH_450,1/4/2020,20.0,No,ASN_450
1826,4500288891,1000.0,1821 Solar Indus. India Ltd-1821,1,40000001,A.N.MELT,EA,SCH_451,31/3/2020,30.0,No,ASN_451
1826,4500288890,1000.0,85410046   R.C.F  LIMITED,1,40000001,A.N.MELT,EA,SCH_452,2/4/2020,30.0,No,ASN_452
1826,4500288891,1000.0,1821 Solar Indus. India Ltd-1821,1,40000001,A.N.MELT,EA,SCH_453,1/4/2020,20.0,No,ASN_453
1826,4500288890,1000.0,85410046   R.C.F  LIMITED,1,40000001,A.N.MELT,EA,SCH_454,3/4/2020,20.0,No,ASN_454
1826,4500288891,1000.0,1821 Solar Indus. India Ltd-1821,1,40000001,A.N.MELT,EA,SCH_455,2/4/2020,30.0,No,ASN_455
1837,4900029866,500.0,85410046   R.C.F  LIMITED,1,40000050,SODIUM NITRITE (NX),EA,SCH_456,8/3/2020,10.0,No,ASN_456
1837,4900029867,500.0,1821 Solar Indus. India Ltd-1821,1,40000050,SODIUM NITRITE (NX),EA,SCH_457,9/3/2020,10.0,No,ASN_457
1837,4900029868,500.0,85410150   SAN CHEMICALS,1,40000050,SODIUM NITRITE (NX),EA,SCH_458,10/3/2020,10.0,No,ASN_458
1837,4900029866,500.0,85410046   R.C.F  LIMITED,1,40000050,SODIUM NITRITE (NX),EA,SCH_459,9/3/2020,10.0,No,ASN_459
1837,4900029867,500.0,1821 Solar Indus. India Ltd-1821,1,40000050,SODIUM NITRITE (NX),EA,SCH_460,10/3/2020,10.0,No,ASN_460
1837,4900029866,500.0,85410046   R.C.F  LIMITED,1,40000050,SODIUM NITRITE (NX),EA,SCH_461,10/3/2020,10.0,No,ASN_461
1837,4900029867,500.0,1821 Solar Indus. India Ltd-1821,1,40000050,SODIUM NITRITE (NX),EA,SCH_462,11/3/2020,10.0,No,ASN_462
1837,4900029868,500.0,85410150   SAN CHEMICALS,1,40000050,SODIUM NITRITE (NX),EA,SCH_463,12/3/2020,10.0,No,ASN_463
1837,4900029866,500.0,85410046   R.C.F  LIMITED,1,40000050,SODIUM NITRITE (NX),EA,SCH_464,11/3/2020,10.0,No,ASN_464
1837,4900029868,500.0,85410150   SAN CHEMICALS,1,40000050,SODIUM NITRITE (NX),EA,SCH_465,13/3/2020,10.0,No,ASN_465
1837,4900029866,500.0,85410046   R.C.F  LIMITED,1,40000050,SODIUM NITRITE (NX),EA,SCH_466,12/3/2020,10.0,No,ASN_466
1837,4900029867,500.0,1821 Solar Indus. India Ltd-1821,1,40000050,SODIUM NITRITE (NX),EA,SCH_467,13/3/2020,10.0,No,ASN_467
1837,4900029868,500.0,85410150   SAN CHEMICALS,1,40000050,SODIUM NITRITE (NX),EA,SCH_468,14/3/2020,10.0,No,ASN_468
1837,4900029867,500.0,1821 Solar Indus. India Ltd-1821,1,40000050,SODIUM NITRITE (NX),EA,SCH_469,14/3/2020,10.0,No,ASN_469
1837,4900029868,500.0,85410150   SAN CHEMICALS,1,40000050,SODIUM NITRITE (NX),EA,SCH_470,15/3/2020,10.0,No,ASN_470
1837,4900029866,500.0,85410046   R.C.F  LIMITED,1,40000050,SODIUM NITRITE (NX),EA,SCH_471,14/3/2020,10.0,No,ASN_471
1837,4900029867,500.0,1821 Solar Indus. India Ltd-1821,1,40000050,SODIUM NITRITE (NX),EA,SCH_472,15/3/2020,10.0,No,ASN_472
1837,4900029868,500.0,85410150   SAN CHEMICALS,1,40000050,SODIUM NITRITE (NX),EA,SCH_473,16/3/2020,10.0,No,ASN_473
1837,4900029866,500.0,85410046   R.C.F  LIMITED,1,40000050,SODIUM NITRITE (NX),EA,SCH_474,15/3/2020,10.0,No,ASN_474
1837,4900029867,500.0,1821 Solar Indus. India Ltd-1821,1,40000050,SODIUM NITRITE (NX),EA,SCH_475,16/3/2020,10.0,No,ASN_475
1837,4900029866,500.0,85410046   R.C.F  LIMITED,1,40000050,SODIUM NITRITE (NX),EA,SCH_476,16/3/2020,10.0,No,ASN_476
1837,4900029867,500.0,1821 Solar Indus. India Ltd-1821,1,40000050,SODIUM NITRITE (NX),EA,SCH_477,17/3/2020,10.0,No,ASN_477
1837,4900029868,500.0,85410150   SAN CHEMICALS,1,40000050,SODIUM NITRITE (NX),EA,SCH_478,18/3/2020,10.0,No,ASN_478
1837,4900029866,500.0,85410046   R.C.F  LIMITED,1,40000050,SODIUM NITRITE (NX),EA,SCH_479,17/3/2020,10.0,No,ASN_479
1837,4900029868,500.0,85410150   SAN CHEMICALS,1,40000050,SODIUM NITRITE (NX),EA,SCH_480,19/3/2020,10.0,No,ASN_480
1837,4900029866,500.0,85410046   R.C.F  LIMITED,1,40000050,SODIUM NITRITE (NX),EA,SCH_481,18/3/2020,10.0,No,ASN_481
1837,4900029867,500.0,1821 Solar Indus. India Ltd-1821,1,40000050,SODIUM NITRITE (NX),EA,SCH_482,19/3/2020,10.0,No,ASN_482
1837,4900029868,500.0,85410150   SAN CHEMICALS,1,40000050,SODIUM NITRITE (NX),EA,SCH_483,20/3/2020,10.0,No,ASN_483
1837,4900029867,500.0,1821 Solar Indus. India Ltd-1821,1,40000050,SODIUM NITRITE (NX),EA,SCH_484,20/3/2020,10.0,No,ASN_484
1837,4900029868,500.0,85410150   SAN CHEMICALS,1,40000050,SODIUM NITRITE (NX),EA,SCH_485,21/3/2020,10.0,No,ASN_485
1837,4900029866,500.0,85410046   R.C.F  LIMITED,1,40000050,SODIUM NITRITE (NX),EA,SCH_486,20/3/2020,10.0,No,ASN_486
1837,4900029867,500.0,1821 Solar Indus. India Ltd-1821,1,40000050,SODIUM NITRITE (NX),EA,SCH_487,21/3/2020,10.0,No,ASN_487
1837,4900029868,500.0,85410150   SAN CHEMICALS,1,40000050,SODIUM NITRITE (NX),EA,SCH_488,22/3/2020,10.0,No,ASN_488
1837,4900029866,500.0,85410046   R.C.F  LIMITED,1,40000050,SODIUM NITRITE (NX),EA,SCH_489,21/3/2020,10.0,No,ASN_489
1837,4900029867,500.0,1821 Solar Indus. India Ltd-1821,1,40000050,SODIUM NITRITE (NX),EA,SCH_490,22/3/2020,10.0,No,ASN_490
1837,4900029866,500.0,85410046   R.C.F  LIMITED,1,40000050,SODIUM NITRITE (NX),EA,SCH_491,22/3/2020,10.0,No,ASN_491
1837,4900029867,500.0,1821 Solar Indus. India Ltd-1821,1,40000050,SODIUM NITRITE (NX),EA,SCH_492,23/3/2020,10.0,No,ASN_492
1837,4900029868,500.0,85410150   SAN CHEMICALS,1,40000050,SODIUM NITRITE (NX),EA,SCH_493,24/3/2020,10.0,No,ASN_493
1837,4900029866,500.0,85410046   R.C.F  LIMITED,1,40000050,SODIUM NITRITE (NX),EA,SCH_494,23/3/2020,10.0,No,ASN_494
1837,4900029868,500.0,85410150   SAN CHEMICALS,1,40000050,SODIUM NITRITE (NX),EA,SCH_495,25/3/2020,10.0,No,ASN_495
1837,4900029866,500.0,85410046   R.C.F  LIMITED,1,40000050,SODIUM NITRITE (NX),EA,SCH_496,24/3/2020,10.0,No,ASN_496
1837,4900029867,500.0,1821 Solar Indus. India Ltd-1821,1,40000050,SODIUM NITRITE (NX),EA,SCH_497,25/3/2020,10.0,No,ASN_497
1837,4900029868,500.0,85410150   SAN CHEMICALS,1,40000050,SODIUM NITRITE (NX),EA,SCH_498,26/3/2020,10.0,No,ASN_498
1837,4900029867,500.0,1821 Solar Indus. India Ltd-1821,1,40000050,SODIUM NITRITE (NX),EA,SCH_499,26/3/2020,10.0,No,ASN_499
1837,4900029868,500.0,85410150   SAN CHEMICALS,1,40000050,SODIUM NITRITE (NX),EA,SCH_500,27/3/2020,10.0,No,ASN_500
1837,4900029866,500.0,85410046   R.C.F  LIMITED,1,40000050,SODIUM NITRITE (NX),EA,SCH_501,26/3/2020,10.0,No,ASN_501
1837,4900029867,500.0,1821 Solar Indus. India Ltd-1821,1,40000050,SODIUM NITRITE (NX),EA,SCH_502,27/3/2020,10.0,No,ASN_502
1837,4900029868,500.0,85410150   SAN CHEMICALS,1,40000050,SODIUM NITRITE (NX),EA,SCH_503,28/3/2020,10.0,No,ASN_503
1837,4900029866,500.0,85410046   R.C.F  LIMITED,1,40000050,SODIUM NITRITE (NX),EA,SCH_504,27/3/2020,10.0,No,ASN_504
1837,4900029867,500.0,1821 Solar Indus. India Ltd-1821,1,40000050,SODIUM NITRITE (NX),EA,SCH_505,28/3/2020,10.0,No,ASN_505
1837,4900029866,500.0,85410046   R.C.F  LIMITED,1,40000050,SODIUM NITRITE (NX),EA,SCH_506,28/3/2020,10.0,No,ASN_506
1837,4900029867,500.0,1821 Solar Indus. India Ltd-1821,1,40000050,SODIUM NITRITE (NX),EA,SCH_507,29/3/2020,10.0,No,ASN_507
1837,4900029868,500.0,85410150   SAN CHEMICALS,1,40000050,SODIUM NITRITE (NX),EA,SCH_508,30/3/2020,10.0,No,ASN_508
1837,4900029866,500.0,85410046   R.C.F  LIMITED,1,40000050,SODIUM NITRITE (NX),EA,SCH_509,29/3/2020,10.0,No,ASN_509
1837,4900029868,500.0,85410150   SAN CHEMICALS,1,40000050,SODIUM NITRITE (NX),EA,SCH_510,31/3/2020,10.0,No,ASN_510
1837,4900029866,500.0,85410046   R.C.F  LIMITED,1,40000050,SODIUM NITRITE (NX),EA,SCH_511,30/3/2020,10.0,No,ASN_511
1837,4900029867,500.0,1821 Solar Indus. India Ltd-1821,1,40000050,SODIUM NITRITE (NX),EA,SCH_512,31/3/2020,10.0,No,ASN_512
1837,4900029868,500.0,85410150   SAN CHEMICALS,1,40000050,SODIUM NITRITE (NX),EA,SCH_513,1/4/2020,10.0,No,ASN_513
1837,4900029867,500.0,1821 Solar Indus. India Ltd-1821,1,40000050,SODIUM NITRITE (NX),EA,SCH_514,1/4/2020,10.0,No,ASN_514
1837,4900029868,500.0,85410150   SAN CHEMICALS,1,40000050,SODIUM NITRITE (NX),EA,SCH_515,2/4/2020,10.0,No,ASN_515
1832,4500286186,500.0,85410150   SAN CHEMICALS,1,40000123,SORBITAN MONO OLEATE (SMO),EA,SCH_516,9/3/2020,30.0,No,ASN_516
1832,4500286186,500.0,85410150   SAN CHEMICALS,1,40000123,SORBITAN MONO OLEATE (SMO),EA,SCH_517,10/3/2020,20.0,No,ASN_517
1832,4500286186,500.0,85410150   SAN CHEMICALS,1,40000123,SORBITAN MONO OLEATE (SMO),EA,SCH_518,11/3/2020,30.0,No,ASN_518
1832,4500286186,500.0,85410150   SAN CHEMICALS,1,40000123,SORBITAN MONO OLEATE (SMO),EA,SCH_519,12/3/2020,20.0,No,ASN_519
1832,4500286186,500.0,85410150   SAN CHEMICALS,1,40000123,SORBITAN MONO OLEATE (SMO),EA,SCH_520,13/3/2020,30.0,No,ASN_520
1832,4500286186,500.0,85410150   SAN CHEMICALS,1,40000123,SORBITAN MONO OLEATE (SMO),EA,SCH_521,14/3/2020,20.0,No,ASN_521
1832,4500286186,500.0,85410150   SAN CHEMICALS,1,40000123,SORBITAN MONO OLEATE (SMO),EA,SCH_522,15/3/2020,30.0,No,ASN_522
1832,4500286186,500.0,85410150   SAN CHEMICALS,1,40000123,SORBITAN MONO OLEATE (SMO),EA,SCH_523,16/3/2020,20.0,No,ASN_523
1832,4500286186,500.0,85410150   SAN CHEMICALS,1,40000123,SORBITAN MONO OLEATE (SMO),EA,SCH_524,17/3/2020,30.0,No,ASN_524
1832,4500286186,500.0,85410150   SAN CHEMICALS,1,40000123,SORBITAN MONO OLEATE (SMO),EA,SCH_525,18/3/2020,20.0,No,ASN_525
1832,4500286186,500.0,85410150   SAN CHEMICALS,1,40000123,SORBITAN MONO OLEATE (SMO),EA,SCH_526,19/3/2020,30.0,No,ASN_526
1832,4500286186,500.0,85410150   SAN CHEMICALS,1,40000123,SORBITAN MONO OLEATE (SMO),EA,SCH_527,20/3/2020,20.0,No,ASN_527
1832,4500286186,500.0,85410150   SAN CHEMICALS,1,40000123,SORBITAN MONO OLEATE (SMO),EA,SCH_528,21/3/2020,30.0,No,ASN_528
1832,4500286186,500.0,85410150   SAN CHEMICALS,1,40000123,SORBITAN MONO OLEATE (SMO),EA,SCH_529,22/3/2020,20.0,No,ASN_529
1832,4500286186,500.0,85410150   SAN CHEMICALS,1,40000123,SORBITAN MONO OLEATE (SMO),EA,SCH_530,23/3/2020,30.0,No,ASN_530
1832,4500286186,500.0,85410150   SAN CHEMICALS,1,40000123,SORBITAN MONO OLEATE (SMO),EA,SCH_531,24/3/2020,20.0,No,ASN_531
1832,4500286186,500.0,85410150   SAN CHEMICALS,1,40000123,SORBITAN MONO OLEATE (SMO),EA,SCH_532,25/3/2020,30.0,No,ASN_532
1832,4500286186,500.0,85410150   SAN CHEMICALS,1,40000123,SORBITAN MONO OLEATE (SMO),EA,SCH_533,26/3/2020,20.0,No,ASN_533
1832,4500286186,500.0,85410150   SAN CHEMICALS,1,40000123,SORBITAN MONO OLEATE (SMO),EA,SCH_534,27/3/2020,30.0,No,ASN_534
1832,4500286186,500.0,85410150   SAN CHEMICALS,1,40000123,SORBITAN MONO OLEATE (SMO),EA,SCH_535,28/3/2020,20.0,No,ASN_535
